{"cameraMode":{"drawMode":0,"name":"Shaded","section":"Shading Mode"},"sceneLighting":true,"audioPlay":false,"sceneViewState":{"showFog":true,"showMaterialUpdate":false,"showSkybox":true,"showFlares":true,"showImageEffects":true,"showParticleSystems":true},"in2DMode":false,"pivot":{"x":11.682180404663086,"y":-3.2428908348083498,"z":1.9033985137939454},"rotation":{"x":0.23393794894218446,"y":0.3993592858314514,"z":-0.10615673661231995,"w":0.88006591796875},"size":27.652738571166993,"orthographic":false}