{"cameraMode":{"drawMode":0,"name":"Shaded","section":"Shading Mode"},"sceneLighting":true,"audioPlay":false,"sceneViewState":{"showFog":true,"showMaterialUpdate":false,"showSkybox":true,"showFlares":true,"showImageEffects":true,"showParticleSystems":true},"in2DMode":false,"pivot":{"x":-0.03892827033996582,"y":0.9064087867736816,"z":6.243597030639648},"rotation":{"x":0.11236831545829773,"y":0.059578169137239459,"z":-0.006749507039785385,"w":0.9918559789657593},"size":23.661298751831056,"orthographic":false}