{"cameraMode":{"drawMode":0,"name":"Shaded","section":"Shading Mode"},"sceneLighting":true,"audioPlay":false,"sceneViewState":{"showFog":true,"showMaterialUpdate":true,"showSkybox":true,"showFlares":true,"showImageEffects":true,"showParticleSystems":true},"in2DMode":false,"pivot":{"x":-6.825844764709473,"y":9.593634605407715,"z":-14.413816452026368},"rotation":{"x":0.07962363958358765,"y":0.27012938261032107,"z":-0.022422436624765397,"w":0.9592639803886414},"size":11.738399505615235,"orthographic":false}