{"cameraMode":{"drawMode":0,"name":"Shaded","section":"Shading Mode"},"sceneLighting":true,"audioPlay":false,"sceneViewState":{"showFog":true,"showMaterialUpdate":true,"showSkybox":true,"showFlares":true,"showImageEffects":true,"showParticleSystems":true},"in2DMode":false,"pivot":{"x":-10.104097366333008,"y":3.418006420135498,"z":-23.58599853515625},"rotation":{"x":-0.11137019842863083,"y":-0.8758733868598938,"z":0.24270236492156983,"w":-0.40191805362701418},"size":27.802204132080079,"orthographic":false}