{"cameraMode":{"drawMode":0,"name":"Shaded","section":"Shading Mode"},"sceneLighting":true,"audioPlay":false,"sceneViewState":{"showFog":true,"showMaterialUpdate":false,"showSkybox":true,"showFlares":true,"showImageEffects":true,"showParticleSystems":true},"in2DMode":false,"pivot":{"x":0.12334740161895752,"y":-0.24096357822418214,"z":-3.6012845039367677},"rotation":{"x":-0.16417446732521058,"y":-0.06741619110107422,"z":0.011247199960052967,"w":-0.9840606451034546},"size":9.801717758178711,"orthographic":false}