{"cameraMode":{"drawMode":0,"name":"Shaded","section":"Shading Mode"},"sceneLighting":false,"audioPlay":false,"sceneViewState":{"showFog":true,"showMaterialUpdate":true,"showSkybox":true,"showFlares":true,"showImageEffects":true,"showParticleSystems":true},"in2DMode":false,"pivot":{"x":0.0,"y":0.5621697306632996,"z":-0.026215076446533204},"rotation":{"x":0.09157291054725647,"y":0.04926425218582153,"z":-0.004536000080406666,"w":0.9945687055587769},"size":6.044782638549805,"orthographic":false}