{"cameraMode":{"drawMode":0,"name":"Shaded","section":"Shading Mode"},"sceneLighting":true,"audioPlay":false,"sceneViewState":{"showFog":true,"showMaterialUpdate":true,"showSkybox":true,"showFlares":true,"showImageEffects":true,"showParticleSystems":true},"in2DMode":false,"pivot":{"x":0.3780035376548767,"y":2.355525493621826,"z":-4.453872203826904},"rotation":{"x":0.11997638642787934,"y":0.02828257717192173,"z":-0.003419692860916257,"w":0.9923679828643799},"size":0.8981234431266785,"orthographic":false}