{"cameraMode":{"drawMode":0,"name":"Shaded","section":"Shading Mode"},"sceneLighting":false,"audioPlay":false,"sceneViewState":{"showFog":true,"showMaterialUpdate":false,"showSkybox":true,"showFlares":true,"showImageEffects":true,"showParticleSystems":true},"in2DMode":false,"pivot":{"x":0.0,"y":0.3671824336051941,"z":-0.003113687038421631},"rotation":{"x":-0.04625808447599411,"y":0.8985168933868408,"z":-0.09770073741674423,"w":-0.42542004585266116},"size":10.385254859924317,"orthographic":false}