{"cameraMode":{"drawMode":0,"name":"Shaded","section":"Shading Mode"},"sceneLighting":true,"audioPlay":false,"sceneViewState":{"showFog":true,"showMaterialUpdate":true,"showSkybox":true,"showFlares":true,"showImageEffects":true,"showParticleSystems":true},"in2DMode":false,"pivot":{"x":-2.8326308727264406,"y":-0.03808629512786865,"z":-7.242405891418457},"rotation":{"x":0.09822437167167664,"y":-0.2725234627723694,"z":0.027979651466012,"w":0.9567131996154785},"size":3.099996566772461,"orthographic":false}